{
  "accuracy": 0.797153024911032,
  "precision": 0.6526315789473685,
  "recall": 0.5,
  "f1_score": 0.5662100456621004,
  "roc_auc": 0.8353566186803235,
  "best_params": {
    "max_depth": 10,
    "min_samples_split": 5,
    "n_estimators": 200
  }
}