{
  "accuracy": 0.79644128113879,
  "precision": 0.6503496503496503,
  "recall": 0.5,
  "f1_score": 0.5653495440729484,
  "roc_auc": 0.8353123796437977,
  "best_params": {
    "max_depth": 10,
    "min_samples_split": 5,
    "n_estimators": 200
  }
}